id,preview,customer.createdAt
65c513eb90f19d6a01009178,The Contract has been sent,2024-01-29
65c513a45765a242e7b140ed,The Contract has been sent,2024-01-31
65ba8bc21842b3d0ea8277e9,The Contract has been sent,2024-01-22
65b3d6a5c81b5cabc389bebf,The Contract has been sent,2024-01-22
65ca332aec3f374c3397bb87,"Contract was Signed by the Candidate, please check that is it done properly",2024-01-24
65c90f5cfb8cd2496dc9493a,The Contract has been sent,2022-08-30
65c90dbdc3c8a30334a0a08e,"Contract was Signed by the Candidate, please check that is it done properly",2022-08-30
65c90beba2678fdfbcf5c22d,"Contract was Signed by the Candidate, please check that is it done properly",2022-08-30
65c90ca4008edb4903b070c0,The Contract has been sent,2022-08-30
65ca31aab815d1180d119ed0,The Contract has been sent,2024-01-25
65ca31b92be769f007b10776,The Contract has been sent,2024-01-25
65ca31c342deef8fdf5fccd4,The Contract has been sent,2024-01-24
65bd2b4e7f79eff63c85d84c,The Contract has been sent,2024-01-24
65cf75f7322235f0a466853d,"Contract was Signed by the Candidate, please check that is it done properly",2024-01-29
65ce93dbfa5033a2dde27f36,"Contract was Signed by the Candidate, please check that is it done properly",2024-01-13
65c2ad134d92fde85d0e5f1e,The Contract has been sent,2024-01-13
65cf99ca4016f5629be2b2e6,"Contract was Signed by the Candidate, please check that is it done properly",2024-01-31
65c513c4483b47dab691db83,The Contract has been sent,2024-01-24
65d1fbfc4dd329a44c4d9a2a,"Contract was Signed by the Candidate, please check that is it done properly",2023-11-01
65d0dae1ee3c5ef4f2819247,"Contract was Signed by the Candidate, please check that is it done properly",2023-12-20
65b7ccdae7859d1a2f9bba05,The Contract has been sent,2024-01-18
65bd2b07ab81a8a3fe5981f3,"Good day,  I couldnâ€™t get the check done online, so the next suggested action is for the requesting organization to fax a completed form (find attached) and two pieces of id to myBackCheck.com for them to proceed with the check. Find attached the 2 means of ID and the verification for. Kindly acknowledge this mail upon receipt.  Regards Regards",2024-01-25
65ca41ce59b3cc37fcd63052,"Contract was Signed by the Candidate, please check that is it done properly",2024-01-25
65ca5c8028543f19d084994e,"Contract was Signed by the Candidate, please check that is it done properly",2024-01-23
65ca6c1e8546a79c3e0fc5a4,"Contract was Signed by the Candidate, please check that is it done properly",2024-01-04
65c108e86347f79a8084a38a,The Contract has been sent,2024-01-25
65cbdea3c9d662828a7bfcc3,The Contract has been sent,2024-01-24
65cbdec3daa9033e6908e69d,The Contract has been sent,2023-05-15
65bbdb29a08ebf439b86f571,The Contract has been sent,2024-01-22
65cc1764bcd2f04432cf75c9,"Contract was Signed by the Candidate, please check that is it done properly",2024-01-09
65cbdf06ae8c718c4adff49e,The Contract has been sent,2024-02-02
65cbdf11177ea468a59aa241,The Contract has been sent,2024-01-29
65cbdeea0de3f51d1dc0b797,The Contract has been sent,2023-01-13
65cbdf1a88c205f5fb8bbbc0,The Contract has been sent,2024-01-29
65cbdf23177ea432509aa775,The Contract has been sent,2024-01-30
65cbdf2d9a4b756a2a01c9a3,The Contract has been sent,2024-01-29
65cc18cc21d8661e88f26ee9,"Contract was Signed by the Candidate, please check that is it done properly",2024-01-22
65cc2cfb7f9d1b31e1d3e1ee,"Contract was Signed by the Candidate, please check that is it done properly",2024-01-23
65cc2d6d4a0f354f80cc4411,"Contract was Signed by the Candidate, please check that is it done properly",2024-01-22
65cccda77a15404a4b2d6b2d,The Contract has been sent,2024-01-25
65cd97c7df8d084b85d45aad,"Contract was Signed by the Candidate, please check that is it done properly",2024-01-25
65cea01614e3b083e1dca9cf,The Contract has been sent,2024-02-03
65cea0a055f7e6c5d44f44d4,The Contract has been sent,2024-01-23
65cea04b9fd6987e8f6f87ba,The Contract has been sent,2023-12-20
65cea05cd016e50a4c238e30,The Contract has been sent,2024-02-02
65cea0ae2bdf262bfe08904d,The Contract has been sent,2024-01-31
65cea0bb241cb64ab3673c6e,The Contract has been sent,2024-01-31
65cea06d705c0b710db2bd6d,The Contract has been sent,2023-06-26
65cea0867d5b1c47759d1728,The Contract has been sent,2023-11-01
65d3b8debee7d93fdf530838,The Contract has been sent,2024-01-16
65d3ba3fddfadde317b62389,"Contract was Signed by the Candidate, please check that is it done properly",2024-01-16
65d66bb34d3ebb770ba93e32,"Contract was Signed by the Candidate, please check that is it done properly",2024-01-25
65d52b26ed12d628e79e6e04,The Contract has been sent,2024-01-23
65d52b8eee6b3c83cfe18f06,The Contract has been sent,2024-01-27
65d52badfc390591c3c91642,The Contract has been sent,2024-01-30
65d52bc5bc4f9cd0bbb0defe,The Contract has been sent,2024-01-30
65d52b4d2b9e07e8c81ebb47,The Contract has been sent,2024-01-25
65d52b643f1ca951ad3d5f9b,The Contract has been sent,2024-01-24
65d7c47777ec550942b731f8,The Contract has been sent,2024-02-12
65d7c43c585800082840681e,The Contract has been sent,2024-01-31
65d7c35a815dc4ec610f1f72,The Contract has been sent,2024-01-25
65d7d178e01aa1ff06bc289d,"Contract was Signed by the Candidate, please check that is it done properly",2024-02-12
65d7f82d7eee7d923bf1f8f4,"Contract was Signed by the Candidate, please check that is it done properly",2024-01-27
65d3ca846a0cc7d17dbf32df,"Contract was Signed by the Candidate, please check that is it done properly",2024-01-16
65d3c9916c13ac40e122cfad,The Contract has been sent,2024-01-16
65d3ccd54a5a1f09d371f03a,"Contract was Signed by the Candidate, please check that is it done properly",2024-01-29
65d4de775dedaaac39a6a212,"Contract was Signed by the Candidate, please check that is it done properly",2023-06-26
65d4ddfaca2c0107a051bb0a,"Contract was Signed by the Candidate, please check that is it done properly",2024-01-19
65bbc3c17aaf46e5c7adacbd,The Contract has been sent,2024-01-25
65d8cecb9083dd35ddc074cc,"Contract was Signed by the Candidate, please check that is it done properly",2024-01-24
65b7cd3e15249c00a8ea1253,The Contract has been sent,2024-01-14
65dca82616c6cf07ddbf27ff,The Contract has been sent,2024-02-14
65dcb130cae0c2c97407b38a,The Contract has been sent,2024-02-13
65dca4b20242c23d292e09e7,The Contract has been sent,2024-02-12
65cea0cb14e3b09585dcdcfc,The Contract has been sent,2024-01-26
65dcae998265d8599c64a7e8,"Contract was Signed by the Candidate, please check that is it done properly",2024-01-26
65dcddbba1ca2bf6dd7f82a5,"Contract was Signed by the Candidate, please check that is it done properly",2023-12-04
65d52b76e5fa39f72abe4eb7,The Contract has been sent,2024-01-25
65db69351928a4e184c6febe,"Contract was Signed by the Candidate, please check that is it done properly",2024-01-25
65dd932b438da156e8f44d71,"Contract was Signed by the Candidate, please check that is it done properly",2024-02-14
65dd958118c0b03178e7c7f4,"Contract was Signed by the Candidate, please check that is it done properly",2024-02-13
65ef3da3a4d55fdcc41a2c3b,"Contract was Signed by the Candidate, please check that is it done properly",2024-02-02
65ef04421006ff404697974a,The Contract has been sent,2024-02-27
65ee32046f46777389c5e5bd,"Contract was Signed by the Candidate, please check that is it done properly",2024-01-30
65e76c2cd3aa73263ac37b55,The Contract has been sent,2024-02-19
65e76cb3c909b40a04340ddf,The Contract has been sent,2024-02-18
65e76ccf01e2d4285747fd12,The Contract has been sent,2024-02-19
65e76c80ffd7ae0e8ef2f2e1,The Contract has been sent,2024-01-29
65e76cedbcf4b9955d98832d,The Contract has been sent,2024-02-19
65e76c9ac0f3a2abbd704b47,The Contract has been sent,2024-02-20
65e6267dae99fd0bc65f96cb,"Contract was Signed by the Candidate, please check that is it done properly",2024-02-16
65df41021f6803095d6f14c7,The Contract has been sent,2024-01-09
65df40e6d6324d667dd13b99,The Contract has been sent,2024-02-26
65df4136c2353697f935ab59,The Contract has been sent,2024-01-24
65df6a3ecfc1deab4e477993,"Contract was Signed by the Candidate, please check that is it done properly",2024-02-15
65df40c178a3d06711e0b190,The Contract has been sent,2024-02-15
65df409d19fa04e68ae2e7c1,The Contract has been sent,2024-01-23
65df3ecaf6ea8a1bf8ca6a75,The Contract has been sent,2023-12-14
65e7b12df5848295c3521c97,"Contract was Signed by the Candidate, please check that is it done properly",2024-02-19
65e76ae69389fdf595e276c8,The Contract has been sent,2024-02-26
65e76b45f60a46ed134ac52c,The Contract has been sent,2023-06-14
65e76b188b93aa0e10409476,The Contract has been sent,2023-06-14
65e81513b351d036b3220060,"Contract was Signed by the Candidate, please check that is it done properly",2024-02-19
65e877960a62feeec79d6460,"Contract was Signed by the Candidate, please check that is it done properly",2024-01-31
65e1dc72ae3e30c72dc60950,The Contract has been sent,2024-02-19
65e1dc28ff9cec9a9800ab62,The Contract has been sent,2024-02-16
65bd129c678f210fb59f2b6c,The Contract has been sent,2024-01-23
65e225b84765325a341cd4d9,"Contract was Signed by the Candidate, please check that is it done properly",2024-01-22
65e53ecfbc248bd0f3d798be,"Contract was Signed by the Candidate, please check that is it done properly",2024-02-19
65e110cd3387aaf2ffe173df,"Contract was Signed by the Candidate, please check that is it done properly",2024-02-12
65e0f6bef2b3f908ee5cae15,The Contract has been sent,2024-02-15
65e13c6ec32a9e37c86d20b1,"Contract was Signed by the Candidate, please check that is it done properly",2024-01-23
65f061b7313b3b47ec0b934b,"Contract was Signed by the Candidate, please check that is it done properly",2024-02-27
65f08b40fca0bc23459cdf26,The Contract has been sent,2024-02-21
65f08b49b63ee30630af6a1b,The Contract has been sent,2024-02-21
65f08b572fa52834f392946c,The Contract has been sent,2024-02-22
65f08b70bfcb3be7f306097d,The Contract has been sent,2024-02-26
65f08b646e456f77be82e3c5,The Contract has been sent,2024-02-14
65b01191a1654423b8d3a7ab,The Contract has been sent,2022-08-30
65b3f43f4c2f4b60d6aa06ca,The Contract has been sent,2024-01-22
65b3f459010d55c32dff01fe,The Contract has been sent,2024-01-22
65b3f42127844bd93e1cb682,The Contract has been sent,2024-01-23
65b3f481677bcf89d87516d2,The Contract has been sent,2024-01-22
65b7cc9b3cc802fdad4c34b1,The Contract has been sent,2024-01-18
65b7cd1b66ba7c3604433abf,The Contract has been sent,2024-01-26
65b7cd28703a14864c8baec4,The Contract has been sent,2024-01-23
65b7cd54f732ad21f32638fc,The Contract has been sent,2024-01-19
65b7e91ee2749eb47bce632c,The Contract has been sent,2024-01-23
65b7e929888fcb75ffd705d3,The Contract has been sent,2024-01-23
65b7e9341b6c535097b25e91,The Contract has been sent,2024-01-23
65b13d1ab06241d9d6f52aec,The Contract has been sent,2024-01-19
65b1507dcf1a2de4b8965ec2,The Contract has been sent,2024-01-22
65b150ca961222577c81e7b5,The Contract has been sent,2024-01-20
65b150e1922c12716301d52b,The Contract has been sent,2024-01-19
65b1509ece1cec61fee1c149,The Contract has been sent,2024-01-22
65b150ba3d88b128a7e8c3b6,The Contract has been sent,2024-01-19
65b1390d3096ce2d89d576d7,The Contract has been sent,2024-01-22
65b13d6e0607195c3e306d2e,The Contract has been sent,2023-08-24
65b2a4d319e3d89e414d94b3,The Contract has been sent,2024-01-22
65b2a4f4c83c454a2314b06c,The Contract has been sent,2024-01-22
65b2a5456c46696bac42373b,The Contract has been sent,2023-12-14
65b2a450a3bbdf14946758a0,The Contract has been sent,2024-01-22
65b2a47132469e35056e6ba0,The Contract has been sent,2024-01-22
65b2a5a76f3afba71dd84a87,The Contract has been sent,2023-06-21
65b2a585c762cef8b47a4563,The Contract has been sent,2024-01-22
65b2a5616c4669bca5423fc4,The Contract has been sent,2024-01-22
65b2aecba863c11b0693d87c,The Contract has been sent,2024-01-17
65b700cb8d9cf472d40ab9eb,The Contract has been sent,2022-08-30
65b70068cf07144cbc092193,The Contract has been sent,2022-08-30
65b3d678dd8d015d58b8b912,The Contract has been sent,2024-01-22
65b3d655afe3f81d23456d0b,The Contract has been sent,2024-01-22
65b7e948cc6e3ad14ab3c89d,The Contract has been sent,2023-12-21
65b9216e56c24b78c5ae7e04,The Contract has been sent,2024-01-24
65b9218928a7ecd6634ac2f7,The Contract has been sent,2024-01-22
65b92572df07cc4a3efd442a,The Contract has been sent,2024-01-23
65b926eebd0ff18c40ba3cd9,The Contract has been sent,2024-01-23
65ba6c53773d3ab1cb9409f9,The Contract has been sent,2022-12-20
65ba6c430fae42da20a42f95,The Contract has been sent,2024-01-23
65ba6c613740637f8ca38df0,The Contract has been sent,2023-12-04
65ba6c74499d9582ff44650e,The Contract has been sent,2024-01-04
65ba8ed2de98641aef332fd2,The Contract has been sent,2022-08-30
65b7e95973e01ba1e3473cdc,The Contract has been sent,2024-01-22
65ba7397a581fc35f1fa27c4,The Contract has been sent,2023-06-21
65ba8b6e89b56c1801858d12,The Contract has been sent,2023-12-20
65ba8b79d2130eb8c72783a8,The Contract has been sent,2024-01-22
65ba8b84499d95dd0e4df925,The Contract has been sent,2024-01-22
65ba89932c19734340e79936,The Contract has been sent,2024-01-22
65ba89706e16c285cafe978d,The Contract has been sent,2024-01-22
65c10806c069190046f6c91b,The Contract has been sent,2024-01-14
65c10907c8870ec6b5fb3d03,The Contract has been sent,2024-01-24
65c108f8626cab183f125f46,The Contract has been sent,2024-01-25
65bd2b214611eb2ec761d0b6,The Contract has been sent,2024-01-24
65bd2af36fd555f2447b70a2,The Contract has been sent,2024-01-25
65bd157edae321819915c58e,The Contract has been sent,2024-01-29
65bd156dce358a5be55dbdcd,The Contract has been sent,2024-01-24
65bd137dac53447b63a9414e,The Contract has been sent,2024-01-25
65bd1086b0d66380be9eea5e,The Contract has been sent,2024-01-23
65bd155145b53c779da2a896,The Contract has been sent,2024-01-24
65c108db6af98e7ceb1d8b43,The Contract has been sent,2024-01-25
65c2acf970dc7f5579fec1ab,The Contract has been sent,2024-01-29
65c2ad2683f0228d2c817ac3,The Contract has been sent,2024-01-24
65c2ad4324ea247ec26c45d0,The Contract has been sent,2024-01-24
65b926dfed6a7f26efbf538f,The Contract has been sent,2024-01-23
65bbc2101c7ea2a98368913a,The Contract has been sent,2024-01-24
65bbc2c166b3b57b95a50ce3,The Contract has been sent,2024-01-24
65b93c30d36184c3954e8277,The Contract has been sent,2024-01-23
65b93c3e5d58e9eb7258971c,The Contract has been sent,2024-01-22
65b93c5345c3d7b079ecb1d5,The Contract has been sent,2024-01-08
65b93c61f3ff5a03a32f72de,The Contract has been sent,2024-01-23
65b2a5e080dbdd10552a7792,The Contract has been sent,2024-01-22
65bbdb16a147a0f03f1bbe32,The Contract has been sent,2024-01-23
65bbdad49b8f188cd10aea01,The Contract has been sent,2024-01-29
65bbdae3dd59f17cdeaa3e72,The Contract has been sent,2024-01-24
65bbdb04ca90f1f27c45bb8b,The Contract has been sent,2024-01-24
65bbdb498f31f17597fdc3d6,The Contract has been sent,2024-01-22
65f32daad67a0eed8689b197,The Contract has been sent,2024-02-27
65f32e0876c341d5c4083ff8,The Contract has been sent,2024-02-17
65f32e18e1c45ede318a29b8,The Contract has been sent,2024-02-21
65f32db6aa9bcbfd308462ff,The Contract has been sent,2024-02-26
65f45a9c0696a5a132bb20fb,The Contract has been sent,2023-03-17
65f3ae05fc8999cbc46cc2c7,"Contract was Signed by the Candidate, please check that is it done properly",2024-02-14
65f87848e5ca994857d84f90,"Contract was Signed by the Candidate, please check that is it done properly",2024-02-19
65f8a28fa981b430a734cfb3,"Contract was Signed by the Candidate, please check that is it done properly",2024-02-27
65f8f8008f7c421334d7375e,"Contract was Signed by the Candidate, please check that is it done properly",2024-01-30
65fde769473e39fa8d65f5ef,"Contract was Signed by the Candidate, please check that is it done properly",2024-02-20
65fe16cddd781c53b7eb6251,"Contract was Signed by the Candidate, please check that is it done properly",2024-02-17
65b183a5f3fe7f229bd79410,The Contract has been sent,2024-04-03
65c65285c59a4439aa4b3eea,The Contract has been sent,2024-04-03
65e9b45f4fc9ddb0f54d211d,"Contract was Signed by the Candidate, please check that is it done properly",2024-01-29
65ea039fbfa3cb0ff1967cbf,The Contract has been sent,2024-02-19
65ea03ce2e8af37f92d6402b,The Contract has been sent,2024-01-22
65ea037ff070307b67cb7b27,The Contract has been sent,2024-02-21
65eabb20a899344f446cf79f,"Contract was Signed by the Candidate, please check that is it done properly",2024-01-22
65eafba4d374e851a4a659fd,"Contract was Signed by the Candidate, please check that is it done properly",2024-02-18
65ebee66211d485cd47e8304,"Contract was Signed by the Candidate, please check that is it done properly",2023-06-14
660f0e2b4a4c67332f7942ac,"Contract was Signed by the Candidate, please check that is it done properly",2024-02-21
6627eaf97b339b7eeb8f1ea4,The Contract has been sent,2024-04-18
6627ec09c558776ab64bfd2f,The Contract has been sent,2024-04-17
6627eb16d6ddedbd49d42cf8,The Contract has been sent,2024-04-18
6627ebcdeecd7184474517d0,The Contract has been sent,2024-04-18
6627eae077844d3488af1658,The Contract has been sent,2024-04-01
66287718d0322d2304038786,"Contract was Signed by the Candidate, please check that is it done properly",2024-04-18
66313504a9909b6ad28d1539,"Contract was Signed by the Candidate, please check that is it done properly",2024-04-22
663146f598020a7e7ca38dfb,The Contract has been sent,2024-04-25
663147679863db63e344f898,The Contract has been sent,2024-04-26
66314725071f2294fc5a0be4,The Contract has been sent,2024-02-22
6631474d1c23960ba74d337b,The Contract has been sent,2024-04-26
6631483cb6ca5067447e014b,The Contract has been sent,2024-04-24
6631485b98ee1976b6067532,The Contract has been sent,2024-04-22
663147b02a22dc3b81b3dcc0,The Contract has been sent,2024-04-24
663147cde106b528bf2c5d2a,The Contract has been sent,2024-04-24
663147fb2a0e32a66098e9f4,The Contract has been sent,2024-04-22
663160136c196e2b60f46419,"Contract was Signed by the Candidate, please check that is it done properly",2024-04-24
6631694bcd52d11ee86b9c41,"Contract was Signed by the Candidate, please check that is it done properly",2024-02-22
663188920915e60e24d059e8,"Contract was Signed by the Candidate, please check that is it done properly",2024-04-26
663401f437670ff0f811a4d8,The Contract has been sent,2024-04-30
663402828e12682094bf0b81,The Contract has been sent,2024-04-29
663402a075582dbf5c3cc013,The Contract has been sent,2024-04-26
66340269c96be760ddce7b75,The Contract has been sent,2024-04-29
6633f326b64ad003e5595bbb,"Contract was Signed by the Candidate, please check that is it done properly",2024-04-26
66350ff0f33ee5b7a4096249,"Contract was Signed by the Candidate, please check that is it done properly",2024-04-26
662a97a2527d932e8575b2c1,"Contract was Signed by the Candidate, please check that is it done properly",2024-04-18
662a4f03e183b0cc04780049,The Contract has been sent,2023-02-23
662ab732fb6c12db567ba38b,The Contract has been sent,2024-04-18
662ab7c739c3b5cf84d164c7,The Contract has been sent,2023-01-30
662ab76ef9d26421d0f2019f,The Contract has been sent,2024-04-18
662ab74cfd28e556814a06c9,The Contract has been sent,2024-04-22
662ab7a87efc09499826404e,The Contract has been sent,2024-04-22
662ab785cf98200d35788a6f,The Contract has been sent,2024-02-19
66293ba51f1de726ff0d54b8,"Contract was Signed by the Candidate, please check that is it done properly",2024-04-01
662ad4f163319805e16e90f0,"Contract was Signed by the Candidate, please check that is it done properly",2024-04-18
6627ea77dcf6c3db784fe560,The Contract has been sent,2024-04-19
662bba3106552b2df4bf8ea0,The Contract has been sent,2024-04-22
662bbd78ebb0b62211c5373f,"Contract was Signed by the Candidate, please check that is it done properly",2024-04-22
662956f269cc1316a5fbd32e,"Contract was Signed by the Candidate, please check that is it done properly",2024-04-17
662b1520f9d2644b210a09d1,"Contract was Signed by the Candidate, please check that is it done properly",2023-01-30
662aed92b4c858385499f73e,"Contract was Signed by the Candidate, please check that is it done properly",2024-04-22
6637eb8b26a5b94940dd71fe,"Contract was Signed by the Candidate, please check that is it done properly",2023-02-23
6636f2274d78d8156919fb23,"Contract was Signed by the Candidate, please check that is it done properly",2024-04-29
6635850e61e9f55be5135b25,"Contract was Signed by the Candidate, please check that is it done properly",2024-04-18
6635b0f83500b73db65fd68c,"Contract was Signed by the Candidate, please check that is it done properly",2024-04-29
663a63807a74f764d11c62ef,The Contract has been sent,2024-04-30
663a63959b62123136ae4feb,The Contract has been sent,2023-07-13
663d025311f0985eca787e73,The Contract has been sent,2024-04-29
663d026d16b4acb0cfe60642,The Contract has been sent,2024-05-01
663d028bbb0e9f414f2d3f02,The Contract has been sent,2024-04-22
663d5cbdfa8e27c2258bf29f,"Contract was Signed by the Candidate, please check that is it done properly",2024-05-01
